Nombre,Apellido,Email
Andrea,Sánchez,andrea.sanchez@aiaco.local
Andrés,Ortega,andres.ortega@aiaco.local
Carlos,Ortega,carlos.ortega@aiaco.local
Daniel,García,daniel.garcia@aiaco.local
Diana,Mendoza,diana.mendoza@aiaco.local
Diana,Ramírez,diana.ramirez@aiaco.local
Diana,Rodríguez,diana.rodriguez@aiaco.local
Diego,Delgado,diego.delgado@aiaco.local
Eduardo,López,eduardo.lopez@aiaco.local
Eduardo,Morales,eduardo.morales@aiaco.local
Eduardo,Silva,eduardo.silva@aiaco.local
Elena,González,elena.gonzalez@aiaco.local
Elena,Mendoza,elena.mendoza@aiaco.local
Elena,Morales,elena.morales@aiaco.local
Fernanda,García,fernanda.garcia@aiaco.local
Fernanda,Medina,fernanda.medina@aiaco.local
Fernando,Martínez,fernando.martinez@aiaco.local
Francisco,Campos,francisco.campos@aiaco.local
Hugo,Delgado,hugo.delgado@aiaco.local
Hugo,Rojas,hugo.rojas@aiaco.local
Hugo,Sánchez,hugo.sanchez@aiaco.local
Javier,Rodríguez,javier.rodriguez@aiaco.local
José,López,jose.lopez@aiaco.local
José,Ortega,jose.ortega@aiaco.local
Juan,Jiménez,juan.jimenez@aiaco.local
Karla,Ramírez,karla.ramirez@aiaco.local
Laura,Martínez,laura.martinez@aiaco.local
Laura,Mendoza,laura.mendoza@aiaco.local
Laura,Morales,laura.morales@aiaco.local
Laura,Ortega,laura.ortega@aiaco.local
Luis,Flores,luis.flores@aiaco.local
Luis,Mendoza,luis.mendoza@aiaco.local
María,Castillo,maria.castillo@aiaco.local
María,González,maria.gonzalez@aiaco.local
María,Vargas,maria.vargas@aiaco.local
Miguel,Vargas,miguel.vargas@aiaco.local
Mónica,Ortega,monica.ortega@aiaco.local
Mónica,Ramírez,monica.ramirez@aiaco.local
Mónica,Sánchez,monica.sanchez@aiaco.local
Paola,Martínez,paola.martinez@aiaco.local
Pedro,Hernández,pedro.hernandez@aiaco.local
Pedro,Pérez,pedro.perez@aiaco.local
Pedro,Vargas,pedro.vargas@aiaco.local
Roberto,Ramírez,roberto.ramirez@aiaco.local
Roberto,Rivera,roberto.rivera@aiaco.local
Sofía,Vargas,sofia.vargas@aiaco.local
Valeria,Morales,valeria.morales@aiaco.local
Verónica,González,veronica.gonzalez@aiaco.local
Ángel,Jiménez,angel.jimenez@aiaco.local
Ángel,Silva,angel.silva@aiaco.local
